insert into users (id, email, password, user_type, first_name, last_name, created_at, phone_number) values (1, 'iebertz0@jiathis.com', 'cPr89j', 'host', 'Ichabod', 'Ebertz', '10/20/2022', '671-176-7920');
insert into users (id, email, password, user_type, first_name, last_name, created_at, phone_number) values (2, 'hduchart1@cmu.edu', 'CzVFR1QDc', 'host', 'Hatti', 'Duchart', '7/21/2022', '630-920-5737');
insert into users (id, email, password, user_type, first_name, last_name, created_at, phone_number) values (3, 'ysergeant2@jugem.jp', 'tXVHcBQ', 'user', 'Ysabel', 'Sergeant', '10/15/2022', '258-901-3407');
insert into users (id, email, password, user_type, first_name, last_name, created_at, phone_number) values (4, 'jjearum3@sciencedirect.com', 'zAoePA', 'user', 'Jude', 'Jearum', '5/5/2022', '342-857-2615');
insert into users (id, email, password, user_type, first_name, last_name, created_at, phone_number) values (5, 'brodway4@dell.com', 'f2Ld1J', 'user', 'Brianna', 'Rodway', '6/13/2022', '155-550-2873');

insert into properties (id, user_id, title, image_url, country, street, city, province, post_code, coord_long, coord_lat, price_per_day, average_rating, category, wheelchair, wifi, created_at, updated_at) values (1, 1, 'Tresom', 'https://images.unsplash.com/photo-1449247613801-ab06418e2861?ixlib=rb-4.0.3&ixid=MnwxMjA3fDB8MHxwaG90by1wYWdlfHx8fGVufDB8fHx8&auto=format&fit=crop&w=871&q=80', 'Canada', '632 Rockefeller Road', 'Sparwood', 'Alberta', 'M2J', -79.3817651, 43.805479, 93, 1, 'Ballroom', true, false, '4/22/2022', '4/26/2022');
insert into properties (id, user_id, title, image_url, country, street, city, province, post_code, coord_long, coord_lat, price_per_day, average_rating, category, wheelchair, wifi, created_at, updated_at) values (2, 1, 'Matsoft', 'https://pixabay.com/photos/chairs-conference-room-contemporary-2181994/', 'Canada', '20 Mallard Place', 'Gjoa Haven', 'Nunavut', 'J7R', -95.87836, 68.62602, 87, 5, 'Studio', true, true, '6/13/2022', '6/15/2022');
insert into properties (id, user_id, title, image_url, country, street, city, province, post_code, coord_long, coord_lat, price_per_day, average_rating, category, wheelchair, wifi, created_at, updated_at) values (3, 1, 'Solarbreeze', 'https://pixabay.com/photos/architecture-building-room-interior-2576906/', 'Canada', '20 Pleasure Place', 'SainteSophie', 'Newfoundland and Labrador', 'J5J', -73.9300943, 45.8206187, 99, 3, 'Retail', true, false, '3/28/2022', '4/2/2022');
insert into properties (id, user_id, title, image_url, country, street, city, province, post_code, coord_long, coord_lat, price_per_day, average_rating, category, wheelchair, wifi, created_at, updated_at) values (4, 2, 'Bigtax', 'https://pixabay.com/photos/chairs-floor-furniture-indoors-2181947/', 'Canada', '63392 Acker Pass', 'Cochrane', 'Quebec', 'T4C', -114.4678603, 51.1909883, 71, 4, 'Ballroom', false, false, '8/29/2022', '9/3/2022');
insert into properties (id, user_id, title, image_url, country, street, city, province, post_code, coord_long, coord_lat, price_per_day, average_rating, category, wheelchair, wifi, created_at, updated_at) values (5, 1, 'Regrant', 'https://pixabay.com/photos/home-sofa-living-room-decoration-1622401/', 'Canada', '6366 Bultman Road', 'Bassano', 'Quebec', 'M5G', -112.46854, 50.78342, 51, 3, 'Event Venue', false, true, '8/14/2022', '8/18/2022');
insert into properties (id, user_id, title, image_url, country, street, city, province, post_code, coord_long, coord_lat, price_per_day, average_rating, category, wheelchair, wifi, created_at, updated_at) values (6, 2, 'Opela', 'https://cdn.pixabay.com/photo/2015/01/12/10/44/lost-places-597166__340.jpg', 'Canada', '4 Superior Circle', 'Stonewall', 'Prince Edward Island', 'H9J', -97.32676, 50.13441, 68, 5, 'Event Venue', false, false, '2/27/2022', '3/2/2022');
insert into properties (id, user_id, title, image_url, country, street, city, province, post_code, coord_long, coord_lat, price_per_day, average_rating, category, wheelchair, wifi, created_at, updated_at) values (7, 1, 'Prodder', 'https://cdn.pixabay.com/photo/2017/03/28/12/13/chairs-2181968__340.jpg', 'Canada', '7 Spenser Pass', 'Waterloo', 'Manitoba', 'N2L', -80.5494007, 43.4714875, 98, 1, 'Rehearsal', true, true, '7/1/2022', '7/5/2022');
insert into properties (id, user_id, title, image_url, country, street, city, province, post_code, coord_long, coord_lat, price_per_day, average_rating, category, wheelchair, wifi, created_at, updated_at) values (8, 2, 'Konklux', 'https://cdn.pixabay.com/photo/2016/11/21/12/59/couch-1845270__340.jpg', 'Canada', '000 Spaight Way', 'Blainville', 'British', 'J7J', -73.9284855, 45.7013243, 59, 4, 'Event Venue', false, true, '3/3/2022', '3/6/2022');
insert into properties (id, user_id, title, image_url, country, street, city, province, post_code, coord_long, coord_lat, price_per_day, average_rating, category, wheelchair, wifi, created_at, updated_at) values (9, 1, 'Regrant', 'https://cdn.pixabay.com/photo/2020/01/20/10/33/room-4779953__340.jpg', 'Canada', '815 Tennyson Crossing', 'ThetfordMines', 'New Brunswick', 'G6G', -71.2983257, 46.1098585, 50, 2, 'Space', true, true, '1/19/2023', '1/21/2023');
insert into properties (id, user_id, title, image_url, country, street, city, province, post_code, coord_long, coord_lat, price_per_day, average_rating, category, wheelchair, wifi, created_at, updated_at) values (10, 1, 'Job', 'https://cdn.pixabay.com/photo/2020/05/25/17/54/library-5219747__340.jpg', 'Canada', '524 Stone Corner Park', 'Hudson', 'British', 'J0N', -74.1406654, 45.4585439, 73, 2, 'Event Venue', true, false, '7/15/2022', '7/18/2022');

insert into bookings (id, user_id, property_id, check_in_date, check_out_date, price_per_day, price_for_stay, created_at, updated_at) values (1, 1, 5, '2/9/2022', '2/11/2022', 38, 76, '2/5/2022', '2/15/2022');
insert into bookings (id, user_id, property_id, check_in_date, check_out_date, price_per_day, price_for_stay, created_at, updated_at) values (2, 5, 8, '1/7/2023', '1/8/2023', 27, 27, '1/6/2023', '1/10/2023');
insert into bookings (id, user_id, property_id, check_in_date, check_out_date, price_per_day, price_for_stay, created_at, updated_at) values (3, 4, 2, '4/1/2022', '4/2/2022', 81, 81, '4/1/2022', '4/7/2022');
insert into bookings (id, user_id, property_id, check_in_date, check_out_date, price_per_day, price_for_stay, created_at, updated_at) values (4, 2, 4, '2/22/2022', '2/27/2022', 47, 235, '2/17/2022', '3/1/2022');
insert into bookings (id, user_id, property_id, check_in_date, check_out_date, price_per_day, price_for_stay, created_at, updated_at) values (5, 2, 5, '2/10/2022', '2/11/2022', 52, 52, '2/7/2022', '2/12/2022');
insert into bookings (id, user_id, property_id, check_in_date, check_out_date, price_per_day, price_for_stay, created_at, updated_at) values (6, 5, 6, '9/24/2022', '9/26/2022', 46, 92, '9/24/2022', '9/27/2022');
insert into bookings (id, user_id, property_id, check_in_date, check_out_date, price_per_day, price_for_stay, created_at, updated_at) values (7, 4, 5, '1/26/2022', '1/30/2022', 28, 112, '1/25/2022', '2/1/2022');
insert into bookings (id, user_id, property_id, check_in_date, check_out_date, price_per_day, price_for_stay, created_at, updated_at) values (8, 1, 5, '8/4/2022', '8/9/2022', 77, 385, '8/3/2022', '8/11/2022');
insert into bookings (id, user_id, property_id, check_in_date, check_out_date, price_per_day, price_for_stay, created_at, updated_at) values (9, 2, 7, '11/12/2022', '11/15/2022', 73, 219, '11/8/2022', '11/17/2022');
insert into bookings (id, user_id, property_id, check_in_date, check_out_date, price_per_day, price_for_stay, created_at, updated_at) values (10, 1, 9, '9/3/2022', '9/6/2022', 67, 201, '8/31/2022', '9/7/2022');

insert into reviews (id, user_id, booking_id, rating, created_at, updated_at) values (1, 1, 8, 4, '8/17/2022', '8/19/2022');
insert into reviews (id, user_id, booking_id, rating, created_at, updated_at) values (2, 4, 9, 5, '4/11/2022', '4/12/2022');
insert into reviews (id, user_id, booking_id, rating, created_at, updated_at) values (3, 4, 9, 4, '2/28/2022', '3/5/2022');
insert into reviews (id, user_id, booking_id, rating, created_at, updated_at) values (4, 4, 8, 4, '1/18/2023', '1/19/2023');
insert into reviews (id, user_id, booking_id, rating, created_at, updated_at) values (5, 5, 10, 1, '7/16/2022', '7/19/2022');
insert into reviews (id, user_id, booking_id, rating, created_at, updated_at) values (6, 5, 7, 4, '6/4/2022', '6/7/2022');
insert into reviews (id, user_id, booking_id, rating, created_at, updated_at) values (7, 3, 7, 2, '3/29/2022', '4/1/2022');
insert into reviews (id, user_id, booking_id, rating, created_at, updated_at) values (8, 5, 8, 5, '5/2/2022', '5/4/2022');
insert into reviews (id, user_id, booking_id, rating, created_at, updated_at) values (9, 2, 10, 1, '9/9/2022', '9/12/2022');
insert into reviews (id, user_id, booking_id, rating, created_at, updated_at) values (10, 2, 6, 1, '10/14/2022', '10/19/2022');
insert into reviews (id, user_id, booking_id, rating, created_at, updated_at) values (11, 5, 8, 5, '7/30/2022', '8/4/2022');
insert into reviews (id, user_id, booking_id, rating, created_at, updated_at) values (12, 3, 6, 5, '8/9/2022', '8/13/2022');
insert into reviews (id, user_id, booking_id, rating, created_at, updated_at) values (13, 3, 6, 4, '12/5/2022', '12/7/2022');
insert into reviews (id, user_id, booking_id, rating, created_at, updated_at) values (14, 4, 9, 2, '1/30/2022', '2/2/2022');
insert into reviews (id, user_id, booking_id, rating, created_at, updated_at) values (15, 2, 7, 3, '1/14/2023', '1/19/2023');